store,item,month,forecast_sales
1,1,2018-01-01,612.5553188409255
1,1,2018-02-01,596.1240232843035
1,1,2018-03-01,776.488860730876
1,10,2018-01-01,1563.663256903666
1,10,2018-02-01,1580.6125466353446
1,10,2018-03-01,2117.0912521644927
1,11,2018-01-01,1553.4345578343223
1,11,2018-02-01,1579.8621437229197
1,11,2018-03-01,2099.545822412295
1,12,2018-01-01,1689.0019245177584
1,12,2018-02-01,1735.4041587111487
1,12,2018-03-01,2294.5467911463393
1,13,2018-01-01,2120.6502838131732
1,13,2018-02-01,2155.1076130239403
1,13,2018-03-01,2851.017852125141
1,14,2018-01-01,1398.7191548063095
1,14,2018-02-01,1396.5089020823677
1,14,2018-03-01,1855.7350633195174
1,15,2018-01-01,2117.793994045286
1,15,2018-02-01,2151.3642617925866
1,15,2018-03-01,2823.2839735245184
1,16,2018-01-01,644.072964960449
1,16,2018-02-01,621.8487452936052
1,16,2018-03-01,811.6645057534466
1,17,2018-01-01,771.5469320893069
1,17,2018-02-01,761.248732368064
1,17,2018-03-01,1021.6118469203186
1,18,2018-01-01,1982.015287587438
1,18,2018-02-01,2019.6291212163874
1,18,2018-03-01,2693.4724211482826
1,19,2018-01-01,946.9106645506376
1,19,2018-02-01,943.3031322089125
1,19,2018-03-01,1273.533396291084
1,2,2018-01-01,1517.7731065647663
1,2,2018-02-01,1548.1729102513186
1,2,2018-03-01,2077.133403072596
1,20,2018-01-01,999.8534502026367
1,20,2018-02-01,990.9405145671187
1,20,2018-03-01,1353.3226488479152
1,21,2018-01-01,944.6560104402611
1,21,2018-02-01,940.3158285359386
1,21,2018-03-01,1280.8859568309285
1,22,2018-01-01,1944.0891043794304
1,22,2018-02-01,1978.6093039124485
1,22,2018-03-01,2621.128641094783
1,23,2018-01-01,752.0757338805277
1,23,2018-02-01,740.4387222120563
1,23,2018-03-01,992.9290250562728
1,24,2018-01-01,1495.3180913389895
1,24,2018-02-01,1516.5691485663665
1,24,2018-03-01,2023.3801653201856
1,25,2018-01-01,1913.02667146112
1,25,2018-02-01,1931.8477551708545
1,25,2018-03-01,2554.0551591848416
1,26,2018-01-01,1119.7446446756771
1,26,2018-02-01,1129.3873684993018
1,26,2018-03-01,1534.6365629540978
1,27,2018-01-01,490.5864475850546
1,27,2018-02-01,463.210327108332
1,27,2018-03-01,611.7904026789621
1,28,2018-01-01,1956.2143164270562
1,28,2018-02-01,1981.9080372035855
1,28,2018-03-01,2634.181998951475
1,29,2018-01-01,1739.6201213061684
1,29,2018-02-01,1732.5493752177397
1,29,2018-03-01,2290.5154309695577
1,3,2018-01-01,997.8078322701098
1,3,2018-02-01,992.0476785615057
1,3,2018-03-01,1355.2207028790738
1,30,2018-01-01,981.6132720818936
1,30,2018-02-01,976.3602828755306
1,30,2018-03-01,1324.5708568812584
1,31,2018-01-01,1500.7843036489107
1,31,2018-02-01,1510.2451466343302
1,31,2018-03-01,2011.867532008029
1,32,2018-01-01,971.4085284001158
1,32,2018-02-01,963.2312899929979
1,32,2018-03-01,1305.661036924992
1,33,2018-01-01,1466.293578089014
1,33,2018-02-01,1482.9184721093059
1,33,2018-03-01,1963.0324903187807
1,34,2018-01-01,611.8616728544849
1,34,2018-02-01,603.2454898148309
1,34,2018-03-01,791.235999083777
1,35,2018-01-01,1523.1738344535545
1,35,2018-02-01,1544.003490451525
1,35,2018-03-01,2058.010549612282
1,36,2018-01-01,1709.8363355020942
1,36,2018-02-01,1750.492482700725
1,36,2018-03-01,2323.404709294067
1,37,2018-01-01,558.5632676783183
1,37,2018-02-01,545.9219995847665
1,37,2018-03-01,715.0084629682203
1,38,2018-01-01,1974.4091344184214
1,38,2018-02-01,1994.4153257598023
1,38,2018-03-01,2649.254622472174
1,39,2018-01-01,1210.8387705811288
1,39,2018-02-01,1213.3146307644872
1,39,2018-03-01,1613.0339007390476
1,4,2018-01-01,564.0382288136623
1,4,2018-02-01,547.3096961152652
1,4,2018-03-01,706.8022512961994
1,40,2018-01-01,667.1247315576804
1,40,2018-02-01,647.257257987748
1,40,2018-03-01,848.418100486544
1,41,2018-01-01,617.5324542303676
1,41,2018-02-01,597.9755058552358
1,41,2018-03-01,781.2537602549558
1,42,2018-01-01,834.9723510578414
1,42,2018-02-01,829.8801360694669
1,42,2018-03-01,1132.1367237114941
1,43,2018-01-01,1304.1054040536565
1,43,2018-02-01,1314.2709161498135
1,43,2018-03-01,1750.6389074816461
1,44,2018-01-01,660.8753260024401
1,44,2018-02-01,645.2848474995233
1,44,2018-03-01,857.8624660114486
1,45,2018-01-01,1936.3871153412679
1,45,2018-02-01,1959.29041097516
1,45,2018-03-01,2608.506990846302
1,46,2018-01-01,1409.223171672254
1,46,2018-02-01,1425.5945678835328
1,46,2018-03-01,1916.5460205944125
1,47,2018-01-01,598.9330761966086
1,47,2018-02-01,575.082902557167
1,47,2018-03-01,747.9353775360238
1,48,2018-01-01,1287.3893212750495
1,48,2018-02-01,1291.214788135044
1,48,2018-03-01,1692.1696849900286
1,49,2018-01-01,730.891484230735
1,49,2018-02-01,712.6122053937438
1,49,2018-03-01,941.4256903062117
1,5,2018-01-01,502.587261776037
1,5,2018-02-01,479.46951377253333
1,5,2018-03-01,623.9323975323015
1,50,2018-01-01,1524.2334465178335
1,50,2018-02-01,1523.5102078335765
1,50,2018-03-01,2034.8295589458849
1,6,2018-01-01,1307.4530340427482
1,6,2018-02-01,1317.1573990450754
1,6,2018-03-01,1751.2507929440994
1,9,2018-01-01,1314.9266878391666
1,9,2018-02-01,1310.500569170362
1,9,2018-03-01,1733.485239852421
10,1,2018-01-01,679.3107897596052
10,1,2018-02-01,653.2287664615066
10,1,2018-03-01,851.0024194074114
10,10,2018-01-01,1957.1381551131822
10,10,2018-02-01,2022.2483135643142
10,10,2018-03-01,2725.300440266905
10,11,2018-01-01,2007.9617623640047
10,11,2018-02-01,2060.3756109118835
10,11,2018-03-01,2763.4793582574803
10,12,2018-01-01,1873.8095504313885
10,12,2018-02-01,1895.5794574002448
10,12,2018-03-01,2494.2819090730163
10,14,2018-01-01,1790.6133838804344
10,14,2018-02-01,1808.5510769279774
10,14,2018-03-01,2373.318035150505
10,15,2018-01-01,2487.683537335448
10,15,2018-02-01,2528.643193572941
10,15,2018-03-01,3356.7576465609473
10,16,2018-01-01,805.1504524907845
10,16,2018-02-01,786.9983040889217
10,16,2018-03-01,1054.0133973096572
10,17,2018-01-01,880.0652815085009
10,17,2018-02-01,870.1844014240786
10,17,2018-03-01,1174.3425645798577
10,18,2018-01-01,2408.9440242515925
10,18,2018-02-01,2477.8048408138043
10,18,2018-03-01,3308.204635421798
10,19,2018-01-01,1301.363225622064
10,19,2018-02-01,1291.6581032184436
10,19,2018-03-01,1719.495700340354
10,2,2018-01-01,1649.171829533953
10,2,2018-02-01,1721.6701866442972
10,2,2018-03-01,2307.926841897656
10,20,2018-01-01,1350.5764139038777
10,20,2018-02-01,1349.0682659498036
10,20,2018-03-01,1793.468331372073
10,21,2018-01-01,1323.8289639400966
10,21,2018-02-01,1302.6108437196522
10,21,2018-03-01,1716.063789794727
10,22,2018-01-01,2118.543601077606
10,22,2018-02-01,2178.274954386129
10,22,2018-03-01,2901.964452681365
10,23,2018-01-01,886.2787668590935
10,23,2018-02-01,867.313408407374
10,23,2018-03-01,1154.7973508223688
10,24,2018-01-01,1914.9959771926221
10,24,2018-02-01,1956.68181839525
10,24,2018-03-01,2605.2748341921765
10,25,2018-01-01,2495.755702944574
10,25,2018-02-01,2552.143207948802
10,25,2018-03-01,3392.33146056618
10,26,2018-01-01,1296.777252157443
10,26,2018-02-01,1285.8617012962657
10,26,2018-03-01,1719.227135774334
10,27,2018-01-01,676.10852542981
10,27,2018-02-01,662.0893528280927
10,27,2018-03-01,870.9830159228626
10,28,2018-01-01,2542.660172713119
10,28,2018-02-01,2586.6158874902326
10,28,2018-03-01,3453.66574210904
10,29,2018-01-01,2058.4727145104926
10,29,2018-02-01,2125.797302388362
10,29,2018-03-01,2849.4742044894733
10,3,2018-01-01,1081.4905920436051
10,3,2018-02-01,1077.3814759065522
10,3,2018-03-01,1464.2727310351418
10,30,2018-01-01,1086.0801236066075
10,30,2018-02-01,1089.7719123615004
10,30,2018-03-01,1457.769189170055
10,31,2018-01-01,1642.742066141932
10,31,2018-02-01,1703.8545913399225
10,31,2018-03-01,2277.1478905167564
10,32,2018-01-01,1274.7546239073974
10,32,2018-02-01,1257.7084193204219
10,32,2018-03-01,1672.962001117877
10,33,2018-01-01,2064.0618976994283
10,33,2018-02-01,2120.3949688453863
10,33,2018-03-01,2827.7926990288793
10,35,2018-01-01,1798.0945108965163
10,35,2018-02-01,1864.6356718854731
10,35,2018-03-01,2463.7108047954985
10,36,2018-01-01,2455.823990608709
10,36,2018-02-01,2517.824498361144
10,36,2018-03-01,3380.528413168747
10,37,2018-01-01,813.9124818570538
10,37,2018-02-01,797.6677265809791
10,37,2018-03-01,1055.7135303155549
10,38,2018-01-01,2417.5108353105525
10,38,2018-02-01,2461.161799742994
10,38,2018-03-01,3286.812622285676
10,39,2018-01-01,1392.8280192205527
10,39,2018-02-01,1376.274284338404
10,39,2018-03-01,1809.0122414674918
10,4,2018-01-01,651.73663220041
10,4,2018-02-01,629.4279232794186
10,4,2018-03-01,823.8670594204984
10,40,2018-01-01,842.4730161456216
10,40,2018-02-01,824.8109949781368
10,40,2018-03-01,1097.056936958607
10,41,2018-01-01,673.0697801018457
10,41,2018-02-01,657.6494197377899
10,41,2018-03-01,862.1997661995537
10,42,2018-01-01,1283.627428742641
10,42,2018-02-01,1264.851137533512
10,42,2018-03-01,1664.7682937547386
10,43,2018-01-01,1479.0409048124354
10,43,2018-02-01,1495.7547459812677
10,43,2018-03-01,1989.7183095369955
10,45,2018-01-01,2354.1427396017993
10,45,2018-02-01,2402.155916707537
10,45,2018-03-01,3203.844751873059
10,46,2018-01-01,1642.3346787256596
10,46,2018-02-01,1660.3647003071092
10,46,2018-03-01,2211.860989996454
10,47,2018-01-01,626.3246341715466
10,47,2018-02-01,615.230694183364
10,47,2018-03-01,816.7126539094423
10,48,2018-01-01,1581.9179064121663
10,48,2018-02-01,1588.125323032152
10,48,2018-03-01,2096.6980314894317
10,49,2018-01-01,909.4510045433893
10,49,2018-02-01,888.5686699971038
10,49,2018-03-01,1183.7487710731148
10,5,2018-01-01,610.6672160845544
10,5,2018-02-01,588.7177087589977
10,5,2018-03-01,766.4057156703868
10,50,2018-01-01,2009.0612242814295
10,50,2018-02-01,2088.35962001522
10,50,2018-03-01,2803.3535253511095
10,6,2018-01-01,1689.6081497212829
10,6,2018-02-01,1716.0336134627864
10,6,2018-03-01,2294.9522924088324
10,7,2018-01-01,1777.491125225209
10,7,2018-02-01,1780.9825089441877
10,7,2018-03-01,2367.262644192442
10,8,2018-01-01,2310.648017939488
10,8,2018-02-01,2346.47560399459
10,8,2018-03-01,3105.586020739883
10,9,2018-01-01,1526.0881831311672
10,9,2018-02-01,1515.2170901801123
10,9,2018-03-01,1985.0991633663455
2,1,2018-01-01,842.8012150911138
2,1,2018-02-01,827.9734589487597
2,1,2018-03-01,1102.4835957666676
2,10,2018-01-01,2598.4769004080536
2,10,2018-02-01,2648.8401423924633
2,10,2018-03-01,3516.3604890817815
2,11,2018-01-01,2208.580911415284
2,11,2018-02-01,2269.975486664468
2,11,2018-03-01,3032.0674914339543
2,12,2018-01-01,2307.011845126611
2,12,2018-02-01,2361.749822087363
2,12,2018-03-01,3141.073259354024
2,13,2018-01-01,2706.1914020902723
2,13,2018-02-01,2741.015149167099
2,13,2018-03-01,3650.819550618058
2,15,2018-01-01,2708.605803709302
2,15,2018-02-01,2742.9401404871587
2,15,2018-03-01,3635.6360740462937
2,16,2018-01-01,893.770546070385
2,16,2018-02-01,880.99851866755
2,16,2018-03-01,1199.3600168706364
2,17,2018-01-01,929.6695348580463
2,17,2018-02-01,920.9506669985562
2,17,2018-03-01,1239.1423916542776
2,18,2018-01-01,2541.5638128371806
2,18,2018-02-01,2591.592553720639
2,18,2018-03-01,3445.6050454039273
2,19,2018-01-01,1481.9256950687084
2,19,2018-02-01,1495.095299381497
2,19,2018-03-01,1992.532320621383
2,2,2018-01-01,1978.5021287576028
2,2,2018-02-01,2024.7196605227143
2,2,2018-03-01,2688.537550795896
2,20,2018-01-01,1572.2358754383602
2,20,2018-02-01,1568.1702911858292
2,20,2018-03-01,2059.1362556902804
2,21,2018-01-01,1475.739818435404
2,21,2018-02-01,1479.651680252836
2,21,2018-03-01,1966.094205518702
2,22,2018-01-01,2616.606250988428
2,22,2018-02-01,2661.9326116385696
2,22,2018-03-01,3546.3336594822185
2,23,2018-01-01,974.2279917262284
2,23,2018-02-01,956.2128042223158
2,23,2018-03-01,1286.5463979482774
2,24,2018-01-01,2027.6765695791228
2,24,2018-02-01,2102.742358532728
2,24,2018-03-01,2811.3039083978165
2,25,2018-01-01,2758.258327655162
2,25,2018-02-01,2784.6359472405193
2,25,2018-03-01,3694.4323935162315
2,26,2018-01-01,1576.8625065209674
2,26,2018-02-01,1584.4383835639783
2,26,2018-03-01,2110.60795773157
2,28,2018-01-01,2797.2089293431172
2,28,2018-02-01,2825.2438693652216
2,28,2018-03-01,3734.8847474187287
2,29,2018-01-01,2440.8710704598775
2,29,2018-02-01,2506.143031685652
2,29,2018-03-01,3345.122191496419
2,3,2018-01-01,1202.6373978228885
2,3,2018-02-01,1201.4686539730956
2,3,2018-03-01,1618.9208755198283
2,30,2018-01-01,1360.3323734388553
2,30,2018-02-01,1348.170683029768
2,30,2018-03-01,1769.5069050691857
2,31,2018-01-01,2012.7884686043326
2,31,2018-02-01,2070.153703426123
2,31,2018-03-01,2759.968321690894
2,32,2018-01-01,1440.131391293301
2,32,2018-02-01,1421.7758785488404
2,32,2018-03-01,1882.570430589262
2,33,2018-01-01,2452.18691858756
2,33,2018-02-01,2505.6321510237585
2,33,2018-03-01,3340.233827696594
2,34,2018-01-01,807.5346191443655
2,34,2018-02-01,793.379527969964
2,34,2018-03-01,1057.348421193089
2,35,2018-01-01,1930.0059567057285
2,35,2018-02-01,1974.537043659046
2,35,2018-03-01,2626.5208460434983
2,36,2018-01-01,2677.0757932438605
2,36,2018-02-01,2719.449975608057
2,36,2018-03-01,3616.161770598857
2,37,2018-01-01,1063.8085773518171
2,37,2018-02-01,1041.4037179727234
2,37,2018-03-01,1392.6010649731832
2,38,2018-01-01,2472.237830439329
2,38,2018-02-01,2517.747548937063
2,38,2018-03-01,3348.189104085724
2,39,2018-01-01,1515.1675771166508
2,39,2018-02-01,1517.2822139838756
2,39,2018-03-01,2024.6910730672146
2,4,2018-01-01,798.0551987835403
2,4,2018-02-01,789.6141415425383
2,4,2018-03-01,1056.4444704774148
2,40,2018-01-01,898.9582855517631
2,40,2018-02-01,885.2552159240412
2,40,2018-03-01,1191.5488558897353
2,41,2018-01-01,729.337792411849
2,41,2018-02-01,718.1354979866826
2,41,2018-03-01,953.2714872044435
2,42,2018-01-01,1441.82671503325
2,42,2018-02-01,1445.2169856123812
2,42,2018-03-01,1908.0269337497168
2,43,2018-01-01,1800.0302801129624
2,43,2018-02-01,1832.544049154445
2,43,2018-03-01,2431.7419826373207
2,44,2018-01-01,1006.6022679794572
2,44,2018-02-01,985.4369702534228
2,44,2018-03-01,1289.945646045651
2,45,2018-01-01,2574.578432362685
2,45,2018-02-01,2610.1830604650963
2,45,2018-03-01,3471.3865042276325
2,46,2018-01-01,2037.6058323742773
2,46,2018-02-01,2090.4502239546196
2,46,2018-03-01,2789.331323892851
2,47,2018-01-01,779.6163249353796
2,47,2018-02-01,765.834734984946
2,47,2018-03-01,1012.628116874811
2,48,2018-01-01,1955.1997481465678
2,48,2018-02-01,1986.3347736954292
2,48,2018-03-01,2650.9474366812115
2,49,2018-01-01,910.7563613070661
2,49,2018-02-01,893.9509500075292
2,49,2018-03-01,1206.7676859635144
2,5,2018-01-01,665.8981176860926
2,5,2018-02-01,656.2852532509936
2,5,2018-03-01,855.2947733492935
2,50,2018-01-01,2189.7448951884685
2,50,2018-02-01,2240.5629566750326
2,50,2018-03-01,2982.276493644013
2,6,2018-01-01,1880.7244479226226
2,6,2018-02-01,1946.127526061808
2,6,2018-03-01,2594.9994585596023
2,7,2018-01-01,1912.9055444156488
2,7,2018-02-01,1941.4600621816871
2,7,2018-03-01,2594.9341133917333
2,8,2018-01-01,2583.281999577833
2,8,2018-02-01,2641.805481176651
2,8,2018-03-01,3523.284265526664
2,9,2018-01-01,1811.0098473759263
2,9,2018-02-01,1856.758820661868
2,9,2018-03-01,2476.786674437508
3,1,2018-01-01,720.192237154486
3,1,2018-02-01,691.2542274464533
3,1,2018-03-01,891.9279956121261
3,10,2018-01-01,2334.4843721828765
3,10,2018-02-01,2341.9418616202306
3,10,2018-03-01,3089.412715694055
3,11,2018-01-01,1953.6575531123149
3,11,2018-02-01,2042.1592363467344
3,11,2018-03-01,2755.982028795044
3,12,2018-01-01,2046.3972509769305
3,12,2018-02-01,2063.2623033651926
3,12,2018-03-01,2731.4264837887645
3,13,2018-01-01,2327.0716494743724
3,13,2018-02-01,2379.965987676019
3,13,2018-03-01,3199.201233312892
3,14,2018-01-01,1781.2480182453307
3,14,2018-02-01,1864.9863629855768
3,14,2018-03-01,2520.2780389008863
3,15,2018-01-01,2626.521871639806
3,15,2018-02-01,2657.4035121302536
3,15,2018-03-01,3549.749770400254
3,16,2018-01-01,807.6421150846653
3,16,2018-02-01,790.1478536076517
3,16,2018-03-01,1045.7611897985225
3,17,2018-01-01,965.5379517880026
3,17,2018-02-01,942.650831016688
3,17,2018-03-01,1269.145590358072
3,18,2018-01-01,2248.1545598415196
3,18,2018-02-01,2320.4023668368973
3,18,2018-03-01,3116.144316809656
3,19,2018-01-01,1159.1796555167314
3,19,2018-02-01,1157.5918891705928
3,19,2018-03-01,1567.543817203642
3,2,2018-01-01,1563.5586543671936
3,2,2018-02-01,1580.3267203809019
3,2,2018-03-01,2116.9147144160875
3,20,2018-01-01,1510.8451470984203
3,20,2018-02-01,1512.7548119776886
3,20,2018-03-01,2005.6380165858418
3,21,2018-01-01,1176.9734093097545
3,21,2018-02-01,1170.3541651638634
3,21,2018-03-01,1576.472181782098
3,22,2018-01-01,2436.171958828201
3,22,2018-02-01,2495.005503371801
3,22,2018-03-01,3364.4530756938543
3,23,2018-01-01,931.8963194709825
3,23,2018-02-01,912.7895390928152
3,23,2018-03-01,1226.1510345913123
3,24,2018-01-01,1922.7681316384887
3,24,2018-02-01,1976.5186362984066
3,24,2018-03-01,2658.291676577122
3,25,2018-01-01,2461.9588724595205
3,25,2018-02-01,2503.4060117796485
3,25,2018-03-01,3327.4345082416844
3,26,2018-01-01,1376.162700984326
3,26,2018-02-01,1367.6269751849316
3,26,2018-03-01,1823.9020324958315
3,27,2018-01-01,658.8301405499028
3,27,2018-02-01,645.7052415514341
3,27,2018-03-01,855.6178087694335
3,28,2018-01-01,2482.3727155920033
3,28,2018-02-01,2515.0062468763354
3,28,2018-03-01,3346.3875301500334
3,29,2018-01-01,2006.7151356069344
3,29,2018-02-01,2070.108042980849
3,29,2018-03-01,2779.498036668656
3,3,2018-01-01,1075.4053507687713
3,3,2018-02-01,1078.818277616047
3,3,2018-03-01,1464.9011951537966
3,30,2018-01-01,1097.8341751676357
3,30,2018-02-01,1110.8504516564365
3,30,2018-03-01,1504.9941792502198
3,31,2018-01-01,1723.5057523282499
3,31,2018-02-01,1773.4613622550469
3,31,2018-03-01,2392.130835709545
3,32,2018-01-01,1346.4440311523497
3,32,2018-02-01,1323.9310713652378
3,32,2018-03-01,1743.8930556840521
3,34,2018-01-01,832.8156817181349
3,34,2018-02-01,815.7043670089721
3,34,2018-03-01,1090.0708523894523
3,35,2018-01-01,2014.5903774384697
3,35,2018-02-01,2084.6168757627283
3,35,2018-03-01,2777.8079994778377
3,37,2018-01-01,868.1851573160151
3,37,2018-02-01,854.9550784133922
3,37,2018-03-01,1155.9598421081882
3,38,2018-01-01,2370.58953036891
3,38,2018-02-01,2421.995814291336
3,38,2018-03-01,3248.4949759902925
3,39,2018-01-01,1554.1617334134864
3,39,2018-02-01,1535.4249929359032
3,39,2018-03-01,2024.7464897869106
3,4,2018-01-01,619.1388819847344
3,4,2018-02-01,605.2306219657056
3,4,2018-03-01,808.9137535792653
3,40,2018-01-01,984.3052935663915
3,40,2018-02-01,954.430106915236
3,40,2018-03-01,1289.8517921427367
3,41,2018-01-01,656.8276482127615
3,41,2018-02-01,640.330084430545
3,41,2018-03-01,849.7717853083589
3,42,2018-01-01,1089.660533977961
3,42,2018-02-01,1091.799323025544
3,42,2018-03-01,1482.755431759549
3,43,2018-01-01,1594.937094774035
3,43,2018-02-01,1620.7607265807198
3,43,2018-03-01,2177.632467884883
3,44,2018-01-01,872.0466728487437
3,44,2018-02-01,852.3770773911458
3,44,2018-03-01,1156.611954931031
3,45,2018-01-01,2297.679257012141
3,45,2018-02-01,2351.269011164164
3,45,2018-03-01,3134.110062826427
3,46,2018-01-01,1688.3588110142775
3,46,2018-02-01,1743.301138636456
3,46,2018-03-01,2321.388472037803
3,47,2018-01-01,644.0606499345399
3,47,2018-02-01,626.3770554973052
3,47,2018-03-01,823.6013195032882
3,48,2018-01-01,1522.4951909197332
3,48,2018-02-01,1543.7983230729394
3,48,2018-03-01,2047.920254124447
3,5,2018-01-01,662.5240872763542
3,5,2018-02-01,626.4943003503971
3,5,2018-03-01,806.7036084958437
3,50,2018-01-01,1870.0893890002976
3,50,2018-02-01,1931.3975129771188
3,50,2018-03-01,2596.3940850126155
3,6,2018-01-01,1679.9500878683154
3,6,2018-02-01,1726.1868217323347
3,6,2018-03-01,2321.195147556314
3,7,2018-01-01,1803.6720830141492
3,7,2018-02-01,1882.0631287664032
3,7,2018-03-01,2525.1760775421785
3,8,2018-01-01,2201.9646604685677
3,8,2018-02-01,2277.1760007754583
3,8,2018-03-01,3041.892029877557
3,9,2018-01-01,1558.37834787393
3,9,2018-02-01,1558.398440029775
3,9,2018-03-01,2066.515476742174
4,1,2018-01-01,671.4011670848175
4,1,2018-02-01,658.3111497175757
4,1,2018-03-01,849.2324942236959
4,10,2018-01-01,1932.880364618916
4,10,2018-02-01,1986.7741110378652
4,10,2018-03-01,2623.1750339067903
4,11,2018-01-01,1857.9471933580865
4,11,2018-02-01,1911.1585697408232
4,11,2018-03-01,2542.8785604570294
4,12,2018-01-01,2002.6667879633417
4,12,2018-02-01,2026.603857985524
4,12,2018-03-01,2667.6915204031134
4,13,2018-01-01,2388.979399098268
4,13,2018-02-01,2414.176788872356
4,13,2018-03-01,3187.7018955851527
4,14,2018-01-01,1683.7125957128205
4,14,2018-02-01,1712.7166727518631
4,14,2018-03-01,2263.8370320924128
4,15,2018-01-01,2314.0599850755625
4,15,2018-02-01,2341.348453690048
4,15,2018-03-01,3067.670082765719
4,17,2018-01-01,918.2322527297391
4,17,2018-02-01,900.8642564168127
4,17,2018-03-01,1198.4518126970775
4,18,2018-01-01,2227.4719676488553
4,18,2018-02-01,2272.1544898214106
4,18,2018-03-01,3004.969335995074
4,19,2018-01-01,1191.0261359773642
4,19,2018-02-01,1190.2194634455773
4,19,2018-03-01,1602.817411943727
4,2,2018-01-01,1737.0285901431484
4,2,2018-02-01,1755.7608171405907
4,2,2018-03-01,2319.3005512534014
4,20,2018-01-01,1370.3205451154915
4,20,2018-02-01,1359.1825281352067
4,20,2018-03-01,1801.4462961785891
4,21,2018-01-01,1080.4256446614904
4,21,2018-02-01,1069.5523985052914
4,21,2018-03-01,1431.0841452295533
4,22,2018-01-01,2089.2260638342696
4,22,2018-02-01,2133.8222348237755
4,22,2018-03-01,2806.9666927737057
4,23,2018-01-01,790.7314464809207
4,23,2018-02-01,780.9463211618071
4,23,2018-03-01,1032.9958738324053
4,24,2018-01-01,1830.2066117106956
4,24,2018-02-01,1891.0270497473496
4,24,2018-03-01,2504.1959682897086
4,25,2018-01-01,2150.377946055076
4,25,2018-02-01,2161.871922429152
4,25,2018-03-01,2832.329237651909
4,27,2018-01-01,618.8462368697179
4,27,2018-02-01,598.4301443712577
4,27,2018-03-01,776.6786415732134
4,28,2018-01-01,2477.933740466063
4,28,2018-02-01,2506.489531361153
4,28,2018-03-01,3315.4114202552128
4,29,2018-01-01,1824.8033526728311
4,29,2018-02-01,1856.4629366455083
4,29,2018-03-01,2465.009938444418
4,30,2018-01-01,1106.1824605818051
4,30,2018-02-01,1109.0797784325823
4,30,2018-03-01,1492.7952408221345
4,31,2018-01-01,1512.7977659197863
4,31,2018-02-01,1552.2570233765662
4,31,2018-03-01,2049.441939952349
4,32,2018-01-01,1292.4925017567361
4,32,2018-02-01,1298.0155210989774
4,32,2018-03-01,1735.868026800739
4,33,2018-01-01,1835.4828271156734
4,33,2018-02-01,1884.6315460030823
4,33,2018-03-01,2487.512279983256
4,34,2018-01-01,728.3665483363333
4,34,2018-02-01,711.4850258240278
4,34,2018-03-01,905.8651010986823
4,35,2018-01-01,1730.0420216956481
4,35,2018-02-01,1773.8209038617572
4,35,2018-03-01,2360.449380688798
4,36,2018-01-01,2050.8368520448
4,36,2018-02-01,2092.3137814979464
4,36,2018-03-01,2772.8118348749804
4,37,2018-01-01,884.3405666735914
4,37,2018-02-01,872.2615072631962
4,37,2018-03-01,1186.3126274027222
4,38,2018-01-01,2029.9258120045133
4,38,2018-02-01,2058.0882726747263
4,38,2018-03-01,2681.8161124154885
4,39,2018-01-01,1437.698573888995
4,39,2018-02-01,1422.8048210602449
4,39,2018-03-01,1885.6508686462523
4,40,2018-01-01,854.3753862603917
4,40,2018-02-01,841.5258406160148
4,40,2018-03-01,1100.3359438727605
4,41,2018-01-01,587.993827263802
4,41,2018-02-01,562.8540184006833
4,41,2018-03-01,725.5785547620294
4,42,2018-01-01,974.1996379067178
4,42,2018-02-01,969.9359986227829
4,42,2018-03-01,1310.000459204829
4,43,2018-01-01,1525.8129121794902
4,43,2018-02-01,1557.6060842638242
4,43,2018-03-01,2083.066001798238
4,44,2018-01-01,852.5341666618207
4,44,2018-02-01,834.5421024991149
4,44,2018-03-01,1112.3440634732601
4,45,2018-01-01,2141.6346848485414
4,45,2018-02-01,2152.6080858525943
4,45,2018-03-01,2820.918923687517
4,46,2018-01-01,1680.639414992986
4,46,2018-02-01,1674.7035036382038
4,46,2018-03-01,2208.517361731533
4,47,2018-01-01,707.4064264637191
4,47,2018-02-01,692.2592724655111
4,47,2018-03-01,905.5014986931411
4,48,2018-01-01,1434.1325936842452
4,48,2018-02-01,1454.8793816107648
4,48,2018-03-01,1924.7203564709132
4,49,2018-01-01,751.5467331306215
4,49,2018-02-01,733.9391023744992
4,49,2018-03-01,963.7082855589194
4,50,2018-01-01,1916.7092261783228
4,50,2018-02-01,1969.6206725913773
4,50,2018-03-01,2616.7370847029247
4,6,2018-01-01,1639.7700540639285
4,6,2018-02-01,1678.3656770330597
4,6,2018-03-01,2237.4285077628715
4,7,2018-01-01,1768.1289133427872
4,7,2018-02-01,1777.1488365703392
4,7,2018-03-01,2355.745281994509
4,8,2018-01-01,2175.505521097215
4,8,2018-02-01,2226.0153086129435
4,8,2018-03-01,2917.577973648531
4,9,2018-01-01,1382.5629776174194
4,9,2018-02-01,1395.5872826861785
4,9,2018-03-01,1875.4819691529588
5,1,2018-01-01,500.25391049498245
5,1,2018-02-01,475.5157845468463
5,1,2018-03-01,612.8250452540926
5,10,2018-01-01,1559.0800707964186
5,10,2018-02-01,1555.8089414156022
5,10,2018-03-01,2040.3771478941062
5,11,2018-01-01,1563.3985159865065
5,11,2018-02-01,1561.985900239999
5,11,2018-03-01,2052.6280739405015
5,12,2018-01-01,1580.1232777088887
5,12,2018-02-01,1580.1990208601046
5,12,2018-03-01,2044.8203226388864
5,13,2018-01-01,1802.001889824936
5,13,2018-02-01,1836.530299854686
5,13,2018-03-01,2430.1564327117267
5,14,2018-01-01,1205.3971743099528
5,14,2018-02-01,1246.2913655917107
5,14,2018-03-01,1671.8602673884009
5,15,2018-01-01,1717.571196205938
5,15,2018-02-01,1712.2785039893827
5,15,2018-03-01,2252.118223694419
5,16,2018-01-01,501.8488610843766
5,16,2018-02-01,478.7297648115766
5,16,2018-03-01,624.0383151590321
5,17,2018-01-01,711.7029453329765
5,17,2018-02-01,689.503552185098
5,17,2018-03-01,885.3397277873792
5,18,2018-01-01,1649.3351555131399
5,18,2018-02-01,1663.835254406778
5,18,2018-03-01,2206.7350869895545
5,19,2018-01-01,896.5069855884605
5,19,2018-02-01,884.4922247200553
5,19,2018-03-01,1161.5050748884614
5,2,2018-01-01,1165.976408909083
5,2,2018-02-01,1183.7219851807392
5,2,2018-03-01,1570.2780305489928
5,20,2018-01-01,985.7922229978195
5,20,2018-02-01,978.2878738943635
5,20,2018-03-01,1318.1627280856371
5,21,2018-01-01,830.296788034869
5,21,2018-02-01,822.1202267902991
5,21,2018-03-01,1085.127326999842
5,22,2018-01-01,1735.0130199903188
5,22,2018-02-01,1748.1237636033704
5,22,2018-03-01,2297.1481115120428
5,23,2018-01-01,673.1651539473277
5,23,2018-02-01,664.5765190996838
5,23,2018-03-01,861.0757488288389
5,24,2018-01-01,1373.6104360922639
5,24,2018-02-01,1382.4993895357882
5,24,2018-03-01,1812.0360371077304
5,25,2018-01-01,1903.9314375762012
5,25,2018-02-01,1910.0814652267636
5,25,2018-03-01,2509.202998028944
5,26,2018-01-01,984.4160657664556
5,26,2018-02-01,975.1131233781655
5,26,2018-03-01,1301.2672418792781
5,27,2018-01-01,508.3715078791547
5,27,2018-02-01,480.6043303262071
5,27,2018-03-01,626.6896373645316
5,28,2018-01-01,1970.317214003964
5,28,2018-02-01,2013.0305353551607
5,28,2018-03-01,2663.3574365168733
5,29,2018-01-01,1366.2473767855079
5,29,2018-02-01,1377.6619306315931
5,29,2018-03-01,1825.2888404096302
5,31,2018-01-01,1166.5905067329218
5,31,2018-02-01,1179.5966128255855
5,31,2018-03-01,1574.5058184335082
5,32,2018-01-01,853.1756579769005
5,32,2018-02-01,849.5635709210919
5,32,2018-03-01,1130.709838902732
5,33,2018-01-01,1315.4827301573348
5,33,2018-02-01,1315.75669933883
5,33,2018-03-01,1729.3435372924669
5,34,2018-01-01,587.5847857051695
5,34,2018-02-01,562.0406381188476
5,34,2018-03-01,724.4757762557307
5,35,2018-01-01,1378.2776271773037
5,35,2018-02-01,1402.820550705678
5,35,2018-03-01,1873.1400512535251
5,36,2018-01-01,1568.7878880044125
5,36,2018-02-01,1587.000780932265
5,36,2018-03-01,2102.734363748295
5,37,2018-01-01,662.2911065134996
5,37,2018-02-01,642.7743475655103
5,37,2018-03-01,821.0615247516099
5,38,2018-01-01,1551.0577356590468
5,38,2018-02-01,1561.1637105173443
5,38,2018-03-01,2050.8027402339085
5,39,2018-01-01,970.7595744890347
5,39,2018-02-01,965.5449075700915
5,39,2018-03-01,1258.1618800731846
5,4,2018-01-01,504.9746879625949
5,4,2018-02-01,476.17468336996853
5,4,2018-03-01,603.789648727876
5,40,2018-01-01,696.2535634871598
5,40,2018-02-01,675.0973347713167
5,40,2018-03-01,874.1323522284608
5,41,2018-01-01,540.5987332871583
5,41,2018-02-01,514.003550501304
5,41,2018-03-01,655.5491984448564
5,42,2018-01-01,839.5982366219232
5,42,2018-02-01,826.9439427746203
5,42,2018-03-01,1087.2594965799506
5,43,2018-01-01,1141.1688246608924
5,43,2018-02-01,1170.150227926102
5,43,2018-03-01,1588.9321720976704
5,45,2018-01-01,1597.7891198359441
5,45,2018-02-01,1615.769526718684
5,45,2018-03-01,2117.1692081213687
5,46,2018-01-01,1108.037570950505
5,46,2018-02-01,1119.839983345787
5,46,2018-03-01,1509.6507587480853
5,47,2018-01-01,563.1623891906474
5,47,2018-02-01,539.0746339333502
5,47,2018-03-01,693.0591549360826
5,48,2018-01-01,979.977063057353
5,48,2018-02-01,986.6006320806955
5,48,2018-03-01,1314.2777387745625
5,5,2018-01-01,520.7421540675612
5,5,2018-02-01,494.13079000408413
5,5,2018-03-01,641.9623216915664
5,7,2018-01-01,1309.6374321690732
5,7,2018-02-01,1340.527691517372
5,7,2018-03-01,1781.13339601878
5,8,2018-01-01,1494.2829617771304
5,8,2018-02-01,1517.4111137300213
5,8,2018-03-01,2007.4939955535199
5,9,2018-01-01,893.2742107061009
5,9,2018-02-01,899.3412912993755
5,9,2018-03-01,1210.14259946574
6,1,2018-01-01,496.2044250122896
6,1,2018-02-01,467.1831676321717
6,1,2018-03-01,601.6224649807642
6,10,2018-01-01,1510.430604900698
6,10,2018-02-01,1538.0790590495546
6,10,2018-03-01,2073.793318547291
6,11,2018-01-01,1352.2602287885609
6,11,2018-02-01,1364.6041729813328
6,11,2018-03-01,1812.3759218443017
6,12,2018-01-01,1550.2820547974131
6,12,2018-02-01,1557.5558796260013
6,12,2018-03-01,2029.0842521006562
6,13,2018-01-01,1874.0102865637243
6,13,2018-02-01,1890.5751146804987
6,13,2018-03-01,2505.392770490844
6,14,2018-01-01,1162.970067332513
6,14,2018-02-01,1189.339040335574
6,14,2018-03-01,1610.178805661654
6,15,2018-01-01,1721.6704755787332
6,15,2018-02-01,1751.4220232117884
6,15,2018-03-01,2302.549223410941
6,16,2018-01-01,565.7573624874004
6,16,2018-02-01,540.7192791285535
6,16,2018-03-01,684.1241073376217
6,17,2018-01-01,694.8210573145667
6,17,2018-02-01,670.6329591573863
6,17,2018-03-01,854.1495418135734
6,18,2018-01-01,1551.7969995570036
6,18,2018-02-01,1567.4817009993833
6,18,2018-03-01,2088.174903328955
6,19,2018-01-01,931.7086768618965
6,19,2018-02-01,928.8841351860166
6,19,2018-03-01,1261.3454619026145
6,2,2018-01-01,1189.9823283241942
6,2,2018-02-01,1203.6050505101143
6,2,2018-03-01,1608.0235349660968
6,21,2018-01-01,858.7005042766115
6,21,2018-02-01,852.2685729072047
6,21,2018-03-01,1121.457378879532
6,22,2018-01-01,1701.049733282063
6,22,2018-02-01,1704.1281802470824
6,22,2018-03-01,2237.5488789565675
6,23,2018-01-01,622.3665137239868
6,23,2018-02-01,597.1300436877339
6,23,2018-03-01,760.6676673282196
6,24,2018-01-01,1386.4348745919278
6,24,2018-02-01,1374.4252746109312
6,24,2018-03-01,1801.4886965821152
6,25,2018-01-01,1731.6295017868867
6,25,2018-02-01,1762.745542967635
6,25,2018-03-01,2332.186922945024
6,26,2018-01-01,988.9092593434423
6,26,2018-02-01,977.2688374617894
6,26,2018-03-01,1312.2721345993689
6,27,2018-01-01,467.021537447575
6,27,2018-02-01,443.46143085244785
6,27,2018-03-01,573.272330446037
6,28,2018-01-01,1673.6872621787918
6,28,2018-02-01,1715.1876747506858
6,28,2018-03-01,2277.4486569468236
6,29,2018-01-01,1489.017776310688
6,29,2018-02-01,1486.9390766045215
6,29,2018-03-01,1974.2515880658693
6,3,2018-01-01,805.564007163735
6,3,2018-02-01,804.9657767368614
6,3,2018-03-01,1072.5017543906968
6,30,2018-01-01,789.0070792855955
6,30,2018-02-01,793.1134629486862
6,30,2018-03-01,1049.8318108914855
6,31,2018-01-01,1201.1077559541657
6,31,2018-02-01,1218.5399639952184
6,31,2018-03-01,1626.0024257757782
6,32,2018-01-01,939.8554073025023
6,32,2018-02-01,931.3498470604529
6,32,2018-03-01,1259.594531921827
6,33,2018-01-01,1354.9102796374077
6,33,2018-02-01,1352.3808014200822
6,33,2018-03-01,1798.3943234445328
6,34,2018-01-01,567.7854916445318
6,34,2018-02-01,538.0626010949361
6,34,2018-03-01,682.776518564253
6,35,2018-01-01,1278.9768474241941
6,35,2018-02-01,1289.7586308426762
6,35,2018-03-01,1729.3977438944564
6,36,2018-01-01,1565.8702199394093
6,36,2018-02-01,1571.364029263559
6,36,2018-03-01,2081.300170040646
6,37,2018-01-01,663.7002568157602
6,37,2018-02-01,650.9747514165201
6,37,2018-03-01,835.3307248188305
6,38,2018-01-01,1679.6323152458556
6,38,2018-02-01,1688.736987829886
6,38,2018-03-01,2212.0190370033633
6,39,2018-01-01,958.7774108047862
6,39,2018-02-01,958.7082391815766
6,39,2018-03-01,1290.6369689849396
6,4,2018-01-01,486.2895677154452
6,4,2018-02-01,461.8641230181597
6,4,2018-03-01,592.2633345081927
6,40,2018-01-01,723.993714992307
6,40,2018-02-01,708.0441000917976
6,40,2018-03-01,908.0900316375543
6,41,2018-01-01,495.887974816925
6,41,2018-02-01,467.61442163956997
6,41,2018-03-01,596.0879797272222
6,42,2018-01-01,812.5890198037972
6,42,2018-02-01,799.9608105417141
6,42,2018-03-01,1049.9802592804895
6,43,2018-01-01,1035.4129508393282
6,43,2018-02-01,1046.0645649250134
6,43,2018-03-01,1421.8194741273824
6,44,2018-01-01,618.7277169950293
6,44,2018-02-01,601.7899565000059
6,44,2018-03-01,778.3117304459973
6,45,2018-01-01,1626.2688928377295
6,45,2018-02-01,1639.4379288815455
6,45,2018-03-01,2169.4167111918355
6,46,2018-01-01,1250.9517458428409
6,46,2018-02-01,1251.8854767328733
6,46,2018-03-01,1648.2476025205729
6,47,2018-01-01,476.3306641689491
6,47,2018-02-01,452.3688157325775
6,47,2018-03-01,588.1350506635595
6,48,2018-01-01,994.4252027668284
6,48,2018-02-01,1005.0294101864306
6,48,2018-03-01,1351.1357747425745
6,49,2018-01-01,615.7200059505415
6,49,2018-02-01,594.0025927032668
6,49,2018-03-01,767.8629461460973
6,5,2018-01-01,440.55678470187775
6,5,2018-02-01,413.68560279635545
6,5,2018-03-01,528.1044816646843
6,50,2018-01-01,1339.5930705158912
6,50,2018-02-01,1352.854810731227
6,50,2018-03-01,1816.8123647018701
6,6,2018-01-01,1123.015611009167
6,6,2018-02-01,1138.3130396550482
6,6,2018-03-01,1528.2523153790562
6,7,2018-01-01,1143.2921676265491
6,7,2018-02-01,1164.1182858797927
6,7,2018-03-01,1563.6003774592311
6,8,2018-01-01,1525.3379822332693
6,8,2018-02-01,1545.2220020139969
6,8,2018-03-01,2034.4271210420407
6,9,2018-01-01,1019.2964840903543
6,9,2018-02-01,1018.916344151173
6,9,2018-03-01,1363.1633524641
7,1,2018-01-01,482.60007488047074
7,1,2018-02-01,459.02670785854104
7,1,2018-03-01,590.9844261311637
7,10,2018-01-01,1426.6693281873902
7,10,2018-02-01,1430.996159724395
7,10,2018-03-01,1874.0300906478979
7,11,2018-01-01,1382.1230766202734
7,11,2018-02-01,1404.612623144708
7,11,2018-03-01,1856.616510407047
7,12,2018-01-01,1379.434516054417
7,12,2018-02-01,1377.6820257024585
7,12,2018-03-01,1785.4579867458351
7,13,2018-01-01,1778.647658277282
7,13,2018-02-01,1780.3669595663334
7,13,2018-03-01,2348.422300273615
7,14,2018-01-01,1083.3783626326394
7,14,2018-02-01,1095.4133211852543
7,14,2018-03-01,1466.890879107256
7,15,2018-01-01,1722.0787778052086
7,15,2018-02-01,1721.5924123837733
7,15,2018-03-01,2264.618064458621
7,16,2018-01-01,547.8251627472486
7,16,2018-02-01,518.6484651217637
7,16,2018-03-01,668.6176065715028
7,17,2018-01-01,654.2637826411095
7,17,2018-02-01,638.3366875221047
7,17,2018-03-01,828.3776777840451
7,18,2018-01-01,1746.1844004856584
7,18,2018-02-01,1747.0210709628266
7,18,2018-03-01,2311.0023084684967
7,19,2018-01-01,953.6247185943766
7,19,2018-02-01,939.7572836670608
7,19,2018-03-01,1227.5287380679706
7,2,2018-01-01,1135.2837501261647
7,2,2018-02-01,1147.7507745918383
7,2,2018-03-01,1544.9043288745165
7,20,2018-01-01,975.7619518983381
7,20,2018-02-01,965.4873163193043
7,20,2018-03-01,1321.6929587686466
7,21,2018-01-01,880.5572222170573
7,21,2018-02-01,863.1256251443875
7,21,2018-03-01,1125.1247352725882
7,22,2018-01-01,1394.1708067109832
7,22,2018-02-01,1405.9728208488987
7,22,2018-03-01,1867.6194961670828
7,23,2018-01-01,669.3194015298677
7,23,2018-02-01,640.1196322367139
7,23,2018-03-01,821.8689865036731
7,24,2018-01-01,1248.3748708686035
7,24,2018-02-01,1252.5063160262582
7,24,2018-03-01,1659.8856273740964
7,25,2018-01-01,1648.3998570434567
7,25,2018-02-01,1633.4308892240413
7,25,2018-03-01,2117.1843883681354
7,26,2018-01-01,883.1511386596587
7,26,2018-02-01,881.4989410786629
7,26,2018-03-01,1183.0081338000637
7,27,2018-01-01,463.1092672609592
7,27,2018-02-01,438.97526905222855
7,27,2018-03-01,570.0828080531469
7,28,2018-01-01,1636.0946169087977
7,28,2018-02-01,1667.7212367967845
7,28,2018-03-01,2236.352785336781
7,29,2018-01-01,1250.9784470660518
7,29,2018-02-01,1261.3230699006874
7,29,2018-03-01,1676.8037485148413
7,30,2018-01-01,703.7708643704848
7,30,2018-02-01,688.0429313246713
7,30,2018-03-01,891.2869710235445
7,31,2018-01-01,1050.7378824731468
7,31,2018-02-01,1053.8930340651184
7,31,2018-03-01,1424.121531208795
7,32,2018-01-01,843.1232020778531
7,32,2018-02-01,828.2664164498474
7,32,2018-03-01,1081.7981289772733
7,33,2018-01-01,1265.3805564426677
7,33,2018-02-01,1269.2210318408527
7,33,2018-03-01,1689.9153160489523
7,34,2018-01-01,526.5321930734857
7,34,2018-02-01,502.65295333860956
7,34,2018-03-01,648.9383535355959
7,35,2018-01-01,1204.9083057299938
7,35,2018-02-01,1223.89434377123
7,35,2018-03-01,1653.5401651809125
7,37,2018-01-01,536.0046891201863
7,37,2018-02-01,514.1988852614967
7,37,2018-03-01,657.6054351162763
7,38,2018-01-01,1632.396859274323
7,38,2018-02-01,1615.4509560078243
7,38,2018-03-01,2114.5279370715366
7,39,2018-01-01,841.6233311849384
7,39,2018-02-01,840.3481652156804
7,39,2018-03-01,1121.802981489155
7,40,2018-01-01,614.1250319890669
7,40,2018-02-01,592.255156656946
7,40,2018-03-01,761.7400130056238
7,41,2018-01-01,471.45920079358143
7,41,2018-02-01,447.0288346994329
7,41,2018-03-01,579.5238888483046
7,42,2018-01-01,640.0961611449251
7,42,2018-02-01,628.0227635781284
7,42,2018-03-01,827.7074238697448
7,43,2018-01-01,910.1233348797123
7,43,2018-02-01,923.8619064536987
7,43,2018-03-01,1241.6564266780144
7,44,2018-01-01,590.8202993223967
7,44,2018-02-01,573.9225384366129
7,44,2018-03-01,739.0596213732955
7,45,2018-01-01,1485.9903421702093
7,45,2018-02-01,1491.397446466857
7,45,2018-03-01,1968.997299423839
7,46,2018-01-01,1088.6114237644754
7,46,2018-02-01,1093.939101340957
7,46,2018-03-01,1472.8532596744935
7,47,2018-01-01,466.1159697159235
7,47,2018-02-01,442.6868261417678
7,47,2018-03-01,578.9177918065648
7,49,2018-01-01,615.2938453280539
7,49,2018-02-01,587.0794473298096
7,49,2018-03-01,756.1061327980755
7,5,2018-01-01,488.77587794194307
7,5,2018-02-01,463.69529015260224
7,5,2018-03-01,594.4598551577429
7,50,2018-01-01,1314.8717526264068
7,50,2018-02-01,1315.1784164599028
7,50,2018-03-01,1721.0975056263787
7,6,2018-01-01,1093.4119491987894
7,6,2018-02-01,1103.0481029554514
7,6,2018-03-01,1476.6154455544047
7,7,2018-01-01,1038.528127102758
7,7,2018-02-01,1041.2514170557365
7,7,2018-03-01,1400.3006490763212
7,8,2018-01-01,1358.18357463209
7,8,2018-02-01,1361.4645785720247
7,8,2018-03-01,1796.5981065539233
7,9,2018-01-01,923.1787410094948
7,9,2018-02-01,914.2134506790867
7,9,2018-03-01,1212.3092447065035
8,1,2018-01-01,734.9927284425228
8,1,2018-02-01,722.0283313236695
8,1,2018-03-01,939.4409020260537
8,10,2018-01-01,2236.6233623706207
8,10,2018-02-01,2302.183702274844
8,10,2018-03-01,3055.1523964450294
8,11,2018-01-01,2148.3195849779217
8,11,2018-02-01,2233.4349610708687
8,11,2018-03-01,2975.4791360945064
8,12,2018-01-01,2341.839499264572
8,12,2018-02-01,2388.1651559083252
8,12,2018-03-01,3156.4157936081842
8,13,2018-01-01,2385.5294295462068
8,13,2018-02-01,2433.9649820978375
8,13,2018-03-01,3197.0041644409885
8,14,2018-01-01,1689.530752646883
8,14,2018-02-01,1754.9581528655315
8,14,2018-03-01,2348.3816868532163
8,15,2018-01-01,2620.1695559341497
8,15,2018-02-01,2656.017574584636
8,15,2018-03-01,3503.573860215424
8,17,2018-01-01,1005.9025345753059
8,17,2018-02-01,1001.699605944341
8,17,2018-03-01,1340.919071789337
8,18,2018-01-01,2751.361538422368
8,18,2018-02-01,2789.40770767125
8,18,2018-03-01,3682.5708001165376
8,19,2018-01-01,1433.0946106093597
8,19,2018-02-01,1434.6686968591127
8,19,2018-03-01,1910.8303799667272
8,2,2018-01-01,1961.4003037811294
8,2,2018-02-01,2025.4025658252651
8,2,2018-03-01,2696.8466764016957
8,21,2018-01-01,1138.595771729475
8,21,2018-02-01,1134.6492402911367
8,21,2018-03-01,1515.8798191455157
8,22,2018-01-01,2559.5743251125186
8,22,2018-02-01,2607.494762535232
8,22,2018-03-01,3432.481199080264
8,23,2018-01-01,924.9437578191322
8,23,2018-02-01,908.6599782215179
8,23,2018-03-01,1216.2058092582768
8,24,2018-01-01,2051.793190707205
8,24,2018-02-01,2114.456888562658
8,24,2018-03-01,2808.4644415997036
8,25,2018-01-01,2645.1372611097026
8,25,2018-02-01,2683.769865122646
8,25,2018-03-01,3539.5247160591393
8,26,2018-01-01,1758.1828783584406
8,26,2018-02-01,1725.2276051504975
8,26,2018-03-01,2273.0514732405068
8,27,2018-01-01,766.8801433086254
8,27,2018-02-01,750.3744179410915
8,27,2018-03-01,988.4023855605252
8,28,2018-01-01,2605.247783847139
8,28,2018-02-01,2656.1995951258195
8,28,2018-03-01,3518.6572416474837
8,29,2018-01-01,2164.6199713205506
8,29,2018-02-01,2241.2065474600804
8,29,2018-03-01,2980.43066702714
8,3,2018-01-01,1290.7782674533232
8,3,2018-02-01,1275.5177286573314
8,3,2018-03-01,1681.5311366318108
8,30,2018-01-01,1292.7527976440092
8,30,2018-02-01,1265.8405531611786
8,30,2018-03-01,1668.6141706624362
8,31,2018-01-01,1864.8120084182387
8,31,2018-02-01,1899.2606282095376
8,31,2018-03-01,2514.8994265050424
8,32,2018-01-01,1491.770137639989
8,32,2018-02-01,1487.6854901114132
8,32,2018-03-01,1957.2504698142905
8,33,2018-01-01,2330.0331999237455
8,33,2018-02-01,2382.9468791408713
8,33,2018-03-01,3133.3146325357247
8,34,2018-01-01,913.0907239843038
8,34,2018-02-01,884.7289420146128
8,34,2018-03-01,1168.497291939362
8,35,2018-01-01,2187.8571126637626
8,35,2018-02-01,2252.501056756661
8,35,2018-03-01,2984.8947292848566
8,36,2018-01-01,2559.8571891361503
8,36,2018-02-01,2582.252619976601
8,36,2018-03-01,3397.404501402929
8,37,2018-01-01,1010.2002435196706
8,37,2018-02-01,984.542322394593
8,37,2018-03-01,1320.458795388461
8,38,2018-01-01,2486.0886600374215
8,38,2018-02-01,2530.97323823093
8,38,2018-03-01,3365.9571358410294
8,39,2018-01-01,1483.5071060471405
8,39,2018-02-01,1476.4875829436749
8,39,2018-03-01,1961.296301153081
8,4,2018-01-01,728.3524704940145
8,4,2018-02-01,710.5085831709496
8,4,2018-03-01,919.3228832235118
8,40,2018-01-01,940.1987585291201
8,40,2018-02-01,914.6918762250442
8,40,2018-03-01,1197.9601832941657
8,41,2018-01-01,801.110262115348
8,41,2018-02-01,778.5413469739237
8,41,2018-03-01,1016.4721635127779
8,42,2018-01-01,1284.5590484456861
8,42,2018-02-01,1272.938526494931
8,42,2018-03-01,1676.76995733721
8,43,2018-01-01,1765.5186907937127
8,43,2018-02-01,1796.883316958945
8,43,2018-03-01,2394.065893436063
8,44,2018-01-01,971.2143901579312
8,44,2018-02-01,947.8406786009746
8,44,2018-03-01,1264.9185151242928
8,45,2018-01-01,2612.2475153316277
8,45,2018-02-01,2645.852652508418
8,45,2018-03-01,3501.024501758162
8,46,2018-01-01,1903.5182381467641
8,46,2018-02-01,1955.9146460562224
8,46,2018-03-01,2605.0169145547484
8,47,2018-01-01,701.5191982500656
8,47,2018-02-01,682.7061957738506
8,47,2018-03-01,886.7980258863291
8,48,2018-01-01,1613.0508518380445
8,48,2018-02-01,1639.1229489010093
8,48,2018-03-01,2185.541345248286
8,49,2018-01-01,1036.4817799879506
8,49,2018-02-01,1005.8563582738052
8,49,2018-03-01,1328.366712678044
8,5,2018-01-01,673.707550562447
8,5,2018-02-01,652.1393848209441
8,5,2018-03-01,841.4064466173021
8,50,2018-01-01,2084.3670035264913
8,50,2018-02-01,2141.546731475571
8,50,2018-03-01,2829.1800112578403
8,6,2018-01-01,1780.1834297329192
8,6,2018-02-01,1808.5411269956383
8,6,2018-03-01,2395.0768109780947
8,7,2018-01-01,1739.5843309489344
8,7,2018-02-01,1800.4147388146005
8,7,2018-03-01,2397.7165894117175
8,8,2018-01-01,2611.4174234609695
8,8,2018-02-01,2663.6402868779114
8,8,2018-03-01,3527.5165435705694
8,9,2018-01-01,1834.784853252332
8,9,2018-02-01,1845.3312597195606
8,9,2018-03-01,2438.5484408660386
9,1,2018-01-01,623.7995410367591
9,1,2018-02-01,610.0203766787415
9,1,2018-03-01,795.5140681653795
9,10,2018-01-01,2136.887576354451
9,10,2018-02-01,2179.1018996863095
9,10,2018-03-01,2874.851505824189
9,11,2018-01-01,1851.9097848584233
9,11,2018-02-01,1883.707879945232
9,11,2018-03-01,2503.350282752796
9,12,2018-01-01,1773.967347196733
9,12,2018-02-01,1816.4501942153718
9,12,2018-03-01,2395.1614720187217
9,13,2018-01-01,2388.828352839589
9,13,2018-02-01,2431.446989416855
9,13,2018-03-01,3221.346915063001
9,14,2018-01-01,1621.104933802477
9,14,2018-02-01,1654.6687236653795
9,14,2018-03-01,2213.415741686724
9,15,2018-01-01,2385.796514570329
9,15,2018-02-01,2413.7068255011286
9,15,2018-03-01,3182.7978151918405
9,16,2018-01-01,758.102169149365
9,16,2018-02-01,744.4801596421862
9,16,2018-03-01,980.3815098683859
9,17,2018-01-01,877.5418183161441
9,17,2018-02-01,871.3682630790128
9,17,2018-03-01,1182.1356463232978
9,18,2018-01-01,2195.5272451087926
9,18,2018-02-01,2257.3111764264577
9,18,2018-03-01,2981.7109936456923
9,19,2018-01-01,1158.0829999059213
9,19,2018-02-01,1169.4849552297221
9,19,2018-03-01,1591.4745748802764
9,2,2018-01-01,1489.9625973983789
9,2,2018-02-01,1518.1915931667293
9,2,2018-03-01,2039.6365710717348
9,20,2018-01-01,1389.4903988772226
9,20,2018-02-01,1374.8126835284202
9,20,2018-03-01,1810.7936199835326
9,21,2018-01-01,1173.9701253615744
9,21,2018-02-01,1172.1889796430512
9,21,2018-03-01,1583.9672714870132
9,22,2018-01-01,2102.919839659635
9,22,2018-02-01,2146.932881494977
9,22,2018-03-01,2828.9282655503735
9,23,2018-01-01,861.6297971014155
9,23,2018-02-01,846.204842015149
9,23,2018-03-01,1122.9653311581822
9,24,2018-01-01,1895.5163450965067
9,24,2018-02-01,1904.2687222531213
9,24,2018-03-01,2511.4300362482095
9,25,2018-01-01,2358.2915171433074
9,25,2018-02-01,2386.7058798124494
9,25,2018-03-01,3147.044883388722
9,26,2018-01-01,1374.894534984782
9,26,2018-02-01,1362.4999913934425
9,26,2018-03-01,1806.443763911356
9,27,2018-01-01,631.4349153449363
9,27,2018-02-01,613.993760795059
9,27,2018-03-01,793.992715890018
9,28,2018-01-01,2390.745629469769
9,28,2018-02-01,2438.3648559718376
9,28,2018-03-01,3219.9827519749115
9,29,2018-01-01,1975.7050498541278
9,29,2018-02-01,2025.5210950961389
9,29,2018-03-01,2688.308559222259
9,3,2018-01-01,1063.2010634223057
9,3,2018-02-01,1056.5638420073767
9,3,2018-03-01,1437.4635320573418
9,30,2018-01-01,1249.2584534577888
9,30,2018-02-01,1243.4149954101795
9,30,2018-03-01,1636.9882017056477
9,31,2018-01-01,1501.0711619017059
9,31,2018-02-01,1528.4967248789408
9,31,2018-03-01,2047.9460755577034
9,32,2018-01-01,1231.7724299440065
9,32,2018-02-01,1229.081632942136
9,32,2018-03-01,1621.2400482106623
9,33,2018-01-01,1788.983147428845
9,33,2018-02-01,1849.0702050489415
9,33,2018-03-01,2464.213403370652
9,34,2018-01-01,655.2757263261487
9,34,2018-02-01,648.1435381160463
9,34,2018-03-01,852.7226760371274
9,35,2018-01-01,1709.3089603493127
9,35,2018-02-01,1739.1087386204538
9,35,2018-03-01,2312.091972414989
9,36,2018-01-01,2057.3458965306013
9,36,2018-02-01,2099.8023027321146
9,36,2018-03-01,2773.6490052605536
9,37,2018-01-01,803.8006511385136
9,37,2018-02-01,796.0820136294022
9,37,2018-03-01,1050.410943585211
9,39,2018-01-01,1138.0995955173973
9,39,2018-02-01,1137.2651913869242
9,39,2018-03-01,1508.195553341856
9,40,2018-01-01,881.9394836074703
9,40,2018-02-01,865.713683061682
9,40,2018-03-01,1138.2758675762009
9,41,2018-01-01,618.1165339787907
9,41,2018-02-01,606.6737437561283
9,41,2018-03-01,798.8236254245286
9,42,2018-01-01,891.6110865200732
9,42,2018-02-01,891.2754806576296
9,42,2018-03-01,1201.943946558286
9,43,2018-01-01,1319.526757098962
9,43,2018-02-01,1330.6152726343162
9,43,2018-03-01,1773.7077534552323
9,44,2018-01-01,775.4547695510383
9,44,2018-02-01,763.3884960361843
9,44,2018-03-01,1008.7005722730044
9,45,2018-01-01,2161.1741325842527
9,45,2018-02-01,2188.3710909325328
9,45,2018-03-01,2879.120409514925
9,46,2018-01-01,1452.1994961839775
9,46,2018-02-01,1457.320176144898
9,46,2018-03-01,1944.9605010527202
9,47,2018-01-01,678.3346385938733
9,47,2018-02-01,656.9728426556497
9,47,2018-03-01,853.7299299577917
9,48,2018-01-01,1539.0219381912768
9,48,2018-02-01,1547.7888047829124
9,48,2018-03-01,2026.706148073373
9,49,2018-01-01,792.2669996098494
9,49,2018-02-01,776.3763690684821
9,49,2018-03-01,1025.8006442397225
9,5,2018-01-01,536.4880647101902
9,5,2018-02-01,515.864381282642
9,5,2018-03-01,672.6331505170621
9,50,2018-01-01,1880.9247139415465
9,50,2018-02-01,1937.8433009193957
9,50,2018-03-01,2572.4743173402953
9,6,2018-01-01,1501.1629364047626
9,6,2018-02-01,1537.9574930922045
9,6,2018-03-01,2072.3119457224275
9,7,2018-01-01,1696.2500813509284
9,7,2018-02-01,1733.5920414734435
9,7,2018-03-01,2308.8633059566755
9,8,2018-01-01,2035.0085508009752
9,8,2018-02-01,2065.874280826115
9,8,2018-03-01,2729.96244809412
9,9,2018-01-01,1275.4477578184033
9,9,2018-02-01,1276.5699583998367
9,9,2018-03-01,1700.293918903227
